id,timestamp,ip,event_type,status
1,2025-09-09 09:01,192.168.0.2,login_success,success
2,2025-09-09 09:05,192.168.0.3,login_failed,failed
3,2025-09-09 09:10,192.168.0.2,login_success,success
4,2025-09-09 10:15,192.168.0.4,login_success,success
5,2025-09-09 11:20,192.168.0.3,login_failed,failed
6,2025-09-09 13:00,192.168.0.5,admin_access,failed
7,2025-09-09 13:05,192.168.0.5,admin_access,failed
8,2025-09-09 14:00,192.168.0.10,login_failed,failed
9,2025-09-09 14:01,192.168.0.10,login_failed,failed
10,2025-09-09 14:02,192.168.0.10,login_failed,failed
11,2025-09-09 14:03,192.168.0.10,login_failed,failed
12,2025-09-09 14:04,192.168.0.10,login_failed,failed
13,2025-09-09 14:05,192.168.0.10,login_failed,failed
14,2025-09-09 15:00,192.168.0.6,login_success,success
15,2025-09-09 16:00,192.168.0.7,login_failed,failed
16,2025-09-09 16:05,192.168.0.7,login_success,success
17,2025-09-09 16:10,192.168.0.7,login_success,success
